{
  "n_samples": 1345,
  "top1_accuracy": 0.9338289962825279,
  "top3_accuracy": 0.9977695167286246,
  "macro_f1": 0.9279996719211979,
  "weighted_f1": 0.9334168139943851,
  "class_names": [
    "glass",
    "metal",
    "organic",
    "paper",
    "plastic"
  ],
  "per_class": {
    "glass": {
      "precision": 0.8925,
      "recall": 0.946949602122016,
      "f1": 0.9189189189189189,
      "support": 377
    },
    "metal": {
      "precision": 0.9075144508670521,
      "recall": 0.8870056497175142,
      "f1": 0.897142857142857,
      "support": 177
    },
    "organic": {
      "precision": 0.9929577464788732,
      "recall": 0.9527027027027027,
      "f1": 0.9724137931034482,
      "support": 148
    },
    "paper": {
      "precision": 0.9622222222222222,
      "recall": 0.981859410430839,
      "f1": 0.9719416386083053,
      "support": 441
    },
    "plastic": {
      "precision": 0.9333333333333333,
      "recall": 0.8316831683168316,
      "f1": 0.8795811518324607,
      "support": 202
    }
  },
  "confusion_matrix": [
    [
      357,
      10,
      0,
      4,
      6
    ],
    [
      11,
      157,
      0,
      5,
      4
    ],
    [
      3,
      2,
      141,
      1,
      1
    ],
    [
      6,
      1,
      0,
      433,
      1
    ],
    [
      23,
      3,
      1,
      7,
      168
    ]
  ],
  "backend_threshold_default": 0.5,
  "confidence_stats": {
    "mean": 0.9215297698974609,
    "p05": 0.5858721852302551,
    "p50": 0.9881653785705566,
    "p95": 0.9998819828033447
  }
}